{
  "ecs7": true,
  "runtimeVersion": "7",
  "display": {
    "title": "Deploy Today!",
    "description": "Reserve today!",
    "navmapThumbnail": "images/scene-thumbnail.png",
    "favicon": "favicon_asset"
  },
  "owner": "Last Slice Collective",
  "contact": {
    "name": "Last Slice Collective",
    "email": "lastraum@lastslice.co"
  },
  "main": "bin/index.js",
  "tags": [],
  "scene": {
    "parcels": [
      "9,-91",
      "9,-90",
      "10,-91",
      "10,-90"
    ],
    "base": [
      "9,-91"
    ]
  },
  "spawnPoints": [
    {
      "name": "spawn-0",
      "default": true,
      "position": {
        "x": 8,
        "y": 3,
        "z": 4
      }
    }
  ],
  "featureToggles": {
    "voiceChat": "enabled",
    "portableExperiences": "enabled"
  },
  "iwb": 2
}